{"stat.drop.minecraft.repeater":1,"stat.walkOneCm":81703,"stat.pickup.minecraft.sign":9,"stat.pickup.minecraft.redstone_torch":44,"stat.leaveGame":15,"stat.furnaceInteraction":2,"stat.pickup.minecraft.redstone_lamp":2,"stat.drop.minecraft.redstone":2,"stat.drop.minecraft.wool":1,"stat.drop.minecraft.stone_slab":2,"stat.jump":648,"stat.drop.minecraft.redstone_lamp":2,"stat.useItem.minecraft.redstone":113,"stat.crouchOneCm":12392,"stat.drop.minecraft.slime":1,"stat.sprintOneCm":36450,"stat.useItem.minecraft.stone_slab2":21359,"stat.useItem.minecraft.redstone_ore":285,"stat.craftingTableInteraction":1,"stat.pickup.minecraft.repeater":27,"stat.pickup.minecraft.slime":1,"stat.flyOneCm":5290296,"stat.pickup.minecraft.lever":7,"stat.pickup.minecraft.sandstone":1,"stat.drop":9,"stat.playOneMinute":1005707,"stat.sneakTime":44656,"stat.pickup.minecraft.wool":1,"stat.pickup.minecraft.redstone":174,"stat.timeSinceDeath":1005707,"stat.pickup.minecraft.stone_slab":1}